Gene,Position,AA,Start date,End date,Fixation,Max. freq.
HA1,247,C,2001-03-11,2001-08-08,lost,0.5
HA1,273,S,2001-03-11,2001-08-08,lost,0.5
HA1,229,G,2001-11-06,2002-01-05,lost,0.4
HA1,50,G,2001-02-09,2002-02-04,lost,1.0
HA1,144,D,2001-06-09,2002-02-04,fixed,1.0
HA1,45,I,2003-09-27,2004-01-25,lost,0.53
HA1,126,D,2003-04-30,2004-05-24,lost,1.0
HA1,189,N,2003-07-29,2004-05-24,fixed,1.0
HA1,159,F,2003-08-28,2004-05-24,fixed,1.0
HA1,138,S,2003-12-26,2004-05-24,lost,0.69
HA1,140,Q,2004-01-25,2004-06-23,lost,0.31
HA1,198,T,2004-01-25,2004-06-23,lost,0.31
HA1,226,I,2003-09-27,2004-09-21,fixed,1.0
HA1,145,N,2003-12-26,2004-11-20,fixed,1.0
HA1,188,N,2004-07-23,2005-02-18,lost,0.36
HA1,227,P,2003-05-30,2005-04-19,fixed,1.0
HA1,88,I,2004-10-21,2005-04-19,lost,0.53
HA1,173,E,2004-12-20,2006-03-15,lost,0.63
HA1,193,F,2004-12-20,2006-03-15,fixed,0.97
HA1,216,S,2006-07-13,2006-11-10,lost,0.25
HA1,142,G,2006-06-13,2007-05-09,lost,0.71
HA1,144,D,2006-07-13,2007-05-09,lost,0.67
HA1,128,A,2006-09-11,2007-05-09,lost,0.25
HA1,157,S,2006-09-11,2007-05-09,lost,0.59
HA1,50,E,2006-09-11,2007-06-08,fixed,0.95
HA1,140,I,2006-11-10,2007-11-05,fixed,1.0
HA1,173,N,2007-12-05,2008-07-02,lost,0.3
HA1,157,S,2007-12-05,2008-09-30,lost,0.31
HA1,173,E,2006-06-13,2008-12-29,lost,0.67
HA1,173,Q,2007-07-08,2009-01-28,fixed,0.96
HA1,158,N,2009-01-28,2009-07-27,fixed,0.96
HA1,189,K,2009-01-28,2009-07-27,fixed,0.96
HA1,213,A,2009-01-28,2010-02-22,lost,0.68
HA1,261,Q,2009-09-25,2010-05-23,lost,0.27
HA1,92,R,2009-08-26,2010-10-20,lost,0.3
HA1,48,A,2009-10-25,2010-10-20,lost,0.3
HA1,212,A,2009-03-29,2011-01-18,fixed,0.96
HA1,62,K,2009-01-28,2011-05-18,lost,0.73
HA1,144,K,2009-01-28,2011-05-18,lost,0.75
HA1,62,V,2011-04-18,2011-09-15,lost,0.34
HA1,53,N,2009-11-24,2013-02-06,lost,0.72
HA1,230,V,2009-11-24,2013-02-06,lost,0.71
HA1,280,A,2009-11-24,2013-02-06,lost,0.63
HA1,45,N,2010-03-24,2013-02-06,fixed,0.96
HA1,94,H,2010-04-23,2013-02-06,lost,0.7
HA1,48,I,2011-03-19,2013-02-06,fixed,0.95
HA1,198,S,2011-03-19,2013-02-06,fixed,0.96
HA1,312,S,2009-08-26,2013-03-08,fixed,0.97
HA1,278,K,2011-06-17,2013-03-08,fixed,0.98
HA1,145,S,2011-04-18,2013-04-07,fixed,0.99
HA1,138,S,2013-11-03,2015-08-25,lost,0.47
HA1,159,S,2013-11-03,2015-08-25,lost,0.46
HA1,157,S,2013-05-07,2015-09-24,lost,0.35
HA1,128,A,2012-08-10,2016-11-17,lost,0.81
HA1,159,Y,2014-02-01,2016-11-17,fixed,0.97
HA1,138,S,2015-10-24,2016-11-17,lost,0.4
HA1,159,S,2015-10-24,2016-11-17,lost,0.4
HA1,197,K,2015-11-23,2016-11-17,lost,0.27
HA1,198,P,2015-12-23,2016-11-17,lost,0.44
HA1,312,N,2015-12-23,2016-11-17,lost,0.37
HA1,142,R,2018-05-11,2018-10-08,lost,0.38
HA1,135,N,2018-06-10,2018-10-08,lost,0.38
HA1,214,T,2018-06-10,2018-12-07,lost,0.3
HA1,142,G,2012-03-13,,poly,0.86
HA1,144,S,2013-12-03,,poly,0.96
HA1,311,H,2013-12-03,,poly,0.95
HA1,171,K,2015-07-26,,poly,0.8
HA1,121,K,2015-12-23,,poly,0.82
HA1,92,R,2016-04-21,,poly,0.78
HA1,142,K,2016-05-21,,poly,0.77
HA1,261,Q,2016-05-21,,poly,0.79
HA1,131,K,2016-09-18,,poly,0.77
HA1,135,K,2016-11-17,,poly,0.47
HA1,62,G,2017-03-17,,poly,0.75
HA1,212,T,2017-11-12,,poly,0.32
HA1,128,A,2018-01-11,,poly,0.56
